key,en,ru
level_name_1_1," [color=#f5bc42]CENTRAL RING | EXPOSITION[/color]
「 Gray Gray Gates of Maints 」"," [color=#f5bc42]ЦЕНТРАЛЬНОЕ КОЛЬЦО | ЭКСПОЗИЦИЯ[/color]
「 Серые-Серые Врата Техов 」"
level_name_1_2," [color=#f5bc42]CENTRAL RING | RISING[/color]
「 Greytide Stationwide 」"," [color=#f5bc42]ЦЕНТРАЛЬНОЕ КОЛЬЦО | РОСТ[/color]
「 Серая Волна всю Станцию Окутала 」"
level_name_1_3," [color=#f5bc42]CENTRAL RING | CLIMAX[/color]
「 Space Station 14 」"," [color=#f5bc42]ЦЕНТРАЛЬНОЕ КОЛЬЦО | КУЛЬМИНАЦИЯ[/color]
「 Космическая Станция 14 」"
level_name_1_4," [color=#f5bc42]CENTRAL RING | ENDING[/color]
「 Overrobusted Plants 」"," [color=#f5bc42]ЦЕНТРАЛЬНОЕ КОЛЬЦО | КОНЦОВКА[/color]
「 Переробастные Зелени 」"